sep=	
Time	Channel1	Channel2
-0.001	-0.006249999999999978	-0.006249999999999978
-0.000996	-0.012500000000000011	-0.012500000000000011
-0.000992	-0.006249999999999978	-0.006249999999999978
-0.000988	-0.006249999999999978	-0.006249999999999978
-0.0009839999999999998	-0.01874999999999999	-0.006249999999999978
-0.00098	-0.012500000000000011	-0.006249999999999978
-0.000976	-0.006249999999999978	-0.006249999999999978
-0.000972	-0.006249999999999978	-0.006249999999999978
-0.000968	-0.006249999999999978	-0.006249999999999978
-0.0009639999999999999	-0.006249999999999978	-0.006249999999999978
-0.0009599999999999999	-0.006249999999999978	-0.006249999999999978
-0.0009559999999999999	-0.006249999999999978	-0.006249999999999978
-0.0009519999999999999	-0.006249999999999978	-0.006249999999999978
-0.000948	-0.012500000000000011	-0.006249999999999978
-0.000944	-0.012500000000000011	-0.006249999999999978
-0.00094	-0.012500000000000011	-0.012500000000000011
-0.000936	-0.006249999999999978	-0.006249999999999978
-0.000932	-0.012500000000000011	-0.006249999999999978
-0.000928	-0.012500000000000011	-0.006249999999999978
-0.0009239999999999999	-0.006249999999999978	-0.006249999999999978
-0.0009199999999999999	-0.012500000000000011	-0.006249999999999978
-0.0009159999999999999	-0.006249999999999978	-0.006249999999999978
-0.0009119999999999999	-0.012500000000000011	-0.006249999999999978
-0.000908	-0.006249999999999978	-0.006249999999999978
-0.000904	-0.006249999999999978	-0.006249999999999978
-0.0009	-0.006249999999999978	-0.012500000000000011
-0.000896	-0.012500000000000011	-0.012500000000000011
-0.000892	-0.006249999999999978	-0.006249999999999978
-0.000888	-0.012500000000000011	-0.006249999999999978
-0.0008839999999999999	-0.006249999999999978	-0.006249999999999978
-0.0008799999999999999	-0.006249999999999978	-0.006249999999999978
-0.0008759999999999999	0	0
-0.0008719999999999999	-0.006249999999999978	-0.006249999999999978
-0.000868	-0.012500000000000011	-0.006249999999999978
-0.000864	-0.012500000000000011	-0.012500000000000011
-0.00086	-0.012500000000000011	-0.006249999999999978
-0.000856	-0.012500000000000011	-0.006249999999999978
-0.000852	-0.006249999999999978	-0.006249999999999978
-0.000848	-0.006249999999999978	0
-0.0008439999999999999	-0.006249999999999978	-0.006249999999999978
-0.0008399999999999999	-0.006249999999999978	-0.006249999999999978
-0.0008359999999999999	0	-0.006249999999999978
-0.000832	-0.006249999999999978	-0.006249999999999978
-0.000828	-0.012500000000000011	-0.006249999999999978
-0.000824	-0.006249999999999978	-0.006249999999999978
-0.00082	-0.012500000000000011	-0.006249999999999978
-0.000816	-0.006249999999999978	0
-0.000812	-0.006249999999999978	-0.006249999999999978
-0.000808	-0.006249999999999978	-0.006249999999999978
-0.0008039999999999999	-0.006249999999999978	-0.006249999999999978
-0.0007999999999999999	-0.012500000000000011	-0.012500000000000011
-0.0007959999999999999	-0.012500000000000011	-0.006249999999999978
-0.000792	-0.012500000000000011	-0.012500000000000011
-0.000788	-0.006249999999999978	-0.006249999999999978
-0.000784	-0.012500000000000011	-0.006249999999999978
-0.00078	-0.006249999999999978	-0.006249999999999978
-0.000776	-0.006249999999999978	-0.006249999999999978
-0.000772	-0.006249999999999978	-0.006249999999999978
-0.000768	-0.006249999999999978	-0.006249999999999978
-0.0007639999999999999	-0.012500000000000011	-0.012500000000000011
-0.0007599999999999999	-0.006249999999999978	-0.006249999999999978
-0.0007559999999999999	-0.006249999999999978	-0.006249999999999978
-0.000752	-0.012500000000000011	-0.006249999999999978
-0.000748	-0.012500000000000011	-0.006249999999999978
-0.000744	-0.006249999999999978	-0.006249999999999978
-0.00074	-0.006249999999999978	-0.006249999999999978
-0.000736	0	-0.006249999999999978
-0.000732	-0.006249999999999978	-0.006249999999999978
-0.0007279999999999999	-0.006249999999999978	-0.006249999999999978
-0.0007239999999999999	-0.012500000000000011	-0.006249999999999978
-0.0007199999999999999	-0.006249999999999978	0
-0.000716	-0.006249999999999978	-0.006249999999999978
-0.000712	-0.006249999999999978	-0.006249999999999978
-0.000708	0	0
-0.000704	-0.006249999999999978	-0.006249999999999978
-0.0007	-0.012500000000000011	-0.012500000000000011
-0.000696	-0.006249999999999978	-0.006249999999999978
-0.000692	-0.006249999999999978	-0.006249999999999978
-0.0006879999999999999	-0.012500000000000011	-0.006249999999999978
-0.0006839999999999999	-0.006249999999999978	-0.006249999999999978
-0.0006799999999999999	-0.006249999999999978	-0.006249999999999978
-0.000676	-0.006249999999999978	-0.006249999999999978
-0.000672	-0.006249999999999978	-0.012500000000000011
-0.000668	-0.006249999999999978	-0.012500000000000011
-0.000664	-0.006249999999999978	-0.006249999999999978
-0.00066	-0.012500000000000011	-0.006249999999999978
-0.000656	-0.006249999999999978	-0.006249999999999978
-0.000652	-0.006249999999999978	-0.006249999999999978
-0.0006479999999999999	-0.006249999999999978	-0.006249999999999978
-0.0006439999999999999	0	0
-0.0006399999999999999	-0.006249999999999978	-0.012500000000000011
-0.000636	-0.006249999999999978	-0.006249999999999978
-0.000632	-0.012500000000000011	-0.006249999999999978
-0.000628	-0.006249999999999978	0
-0.000624	-0.012500000000000011	-0.006249999999999978
-0.00062	-0.006249999999999978	-0.006249999999999978
-0.000616	-0.006249999999999978	-0.006249999999999978
-0.000612	-0.006249999999999978	-0.006249999999999978
-0.0006079999999999999	-0.006249999999999978	-0.006249999999999978
-0.0006039999999999999	-0.006249999999999978	-0.006249999999999978
-0.0006	-0.012500000000000011	-0.006249999999999978
-0.000596	-0.012500000000000011	-0.006249999999999978
-0.000592	-0.012500000000000011	-0.006249999999999978
-0.000588	-0.012500000000000011	-0.006249999999999978
-0.000584	-0.006249999999999978	-0.006249999999999978
-0.00058	-0.006249999999999978	-0.006249999999999978
-0.000576	0	-0.006249999999999978
-0.000572	-0.006249999999999978	-0.006249999999999978
-0.0005679999999999999	-0.006249999999999978	-0.006249999999999978
-0.0005639999999999999	-0.006249999999999978	-0.006249999999999978
-0.00056	-0.012500000000000011	-0.006249999999999978
-0.000556	-0.012500000000000011	-0.006249999999999978
-0.000552	-0.006249999999999978	-0.006249999999999978
-0.000548	-0.006249999999999978	-0.006249999999999978
-0.000544	-0.006249999999999978	-0.006249999999999978
-0.00054	-0.006249999999999978	-0.006249999999999978
-0.000536	-0.012500000000000011	-0.006249999999999978
-0.000532	-0.006249999999999978	-0.006249999999999978
-0.0005279999999999999	-0.012500000000000011	-0.006249999999999978
-0.0005239999999999999	-0.006249999999999978	-0.006249999999999978
-0.00052	-0.006249999999999978	-0.006249999999999978
-0.000516	-0.006249999999999978	-0.006249999999999978
-0.000512	-0.012500000000000011	-0.012500000000000011
-0.000508	-0.012500000000000011	-0.006249999999999978
-0.000504	-0.012500000000000011	-0.012500000000000011
-0.0005	-0.012500000000000011	-0.006249999999999978
-0.000496	-0.006249999999999978	-0.006249999999999978
-0.0004919999999999999	-0.006249999999999978	-0.006249999999999978
-0.000488	-0.006249999999999978	-0.006249999999999978
-0.000484	-0.006249999999999978	-0.006249999999999978
-0.00047999999999999996	-0.006249999999999978	-0.006249999999999978
-0.00047599999999999997	-0.012500000000000011	-0.006249999999999978
-0.000472	-0.012500000000000011	-0.006249999999999978
-0.000468	-0.01874999999999999	-0.006249999999999978
-0.000464	-0.006249999999999978	-0.006249999999999978
-0.00045999999999999996	-0.006249999999999978	-0.006249999999999978
-0.00045599999999999997	-0.012500000000000011	-0.006249999999999978
-0.000452	-0.006249999999999978	-0.006249999999999978
-0.000448	-0.006249999999999978	-0.006249999999999978
-0.000444	-0.006249999999999978	-0.012500000000000011
-0.00043999999999999996	-0.006249999999999978	-0.006249999999999978
-0.00043599999999999997	-0.012500000000000011	-0.012500000000000011
-0.000432	-0.006249999999999978	-0.006249999999999978
-0.000428	-0.012500000000000011	-0.006249999999999978
-0.000424	-0.006249999999999978	-0.006249999999999978
-0.00041999999999999996	-0.006249999999999978	-0.006249999999999978
-0.000416	-0.006249999999999978	-0.012500000000000011
-0.000412	-0.006249999999999978	-0.006249999999999978
-0.000408	-0.012500000000000011	-0.006249999999999978
-0.000404	-0.012500000000000011	-0.006249999999999978
-0.00039999999999999996	-0.012500000000000011	-0.006249999999999978
-0.000396	-0.012500000000000011	-0.006249999999999978
-0.000392	-0.012500000000000011	-0.006249999999999978
-0.000388	-0.006249999999999978	-0.006249999999999978
-0.000384	0	-0.006249999999999978
-0.00037999999999999997	-0.006249999999999978	-0.006249999999999978
-0.000376	-0.012500000000000011	-0.006249999999999978
-0.000372	-0.006249999999999978	-0.006249999999999978
-0.000368	-0.012500000000000011	-0.006249999999999978
-0.00036399999999999996	-0.012500000000000011	-0.006249999999999978
-0.00035999999999999997	-0.012500000000000011	-0.006249999999999978
-0.000356	0	0
-0.000352	-0.006249999999999978	-0.006249999999999978
-0.000348	-0.006249999999999978	-0.006249999999999978
-0.00034399999999999996	-0.006249999999999978	-0.006249999999999978
-0.00033999999999999997	-0.006249999999999978	-0.006249999999999978
-0.000336	-0.006249999999999978	-0.006249999999999978
-0.000332	-0.006249999999999978	-0.006249999999999978
-0.000328	-0.012500000000000011	-0.006249999999999978
-0.00032399999999999996	-0.006249999999999978	-0.006249999999999978
-0.00031999999999999997	-0.012500000000000011	-0.012500000000000011
-0.000316	-0.006249999999999978	-0.006249999999999978
-0.000312	-0.006249999999999978	-0.006249999999999978
-0.000308	-0.012500000000000011	-0.012500000000000011
-0.00030399999999999996	-0.006249999999999978	-0.006249999999999978
-0.0003	-0.006249999999999978	0
-0.000296	-0.012500000000000011	-0.006249999999999978
-0.000292	-0.012500000000000011	-0.012500000000000011
-0.000288	-0.012500000000000011	-0.012500000000000011
-0.00028399999999999996	-0.006249999999999978	-0.006249999999999978
-0.00028	-0.006249999999999978	-0.012500000000000011
-0.000276	-0.006249999999999978	-0.006249999999999978
-0.000272	-0.006249999999999978	-0.012500000000000011
-0.000268	-0.012500000000000011	-0.012500000000000011
-0.00026399999999999997	-0.006249999999999978	-0.006249999999999978
-0.00026	-0.006249999999999978	-0.006249999999999978
-0.000256	-0.012500000000000011	-0.012500000000000011
-0.000252	-0.006249999999999978	-0.006249999999999978
-0.000248	-0.006249999999999978	-0.006249999999999978
-0.000244	-0.012500000000000011	-0.006249999999999978
-0.00023999999999999998	-0.012500000000000011	-0.006249999999999978
-0.000236	-0.006249999999999978	-0.006249999999999978
-0.000232	-0.006249999999999978	0
-0.00022799999999999999	-0.006249999999999978	-0.006249999999999978
-0.000224	-0.006249999999999978	-0.006249999999999978
-0.00021999999999999998	-0.012500000000000011	-0.006249999999999978
-0.000216	-0.006249999999999978	-0.006249999999999978
-0.000212	-0.01874999999999999	-0.012500000000000011
-0.000208	-0.012500000000000011	-0.006249999999999978
-0.000204	-0.006249999999999978	-0.006249999999999978
-0.00019999999999999998	-0.006249999999999978	0
-0.000196	-0.006249999999999978	-0.012500000000000011
-0.000192	-0.006249999999999978	-0.006249999999999978
-0.000188	-0.006249999999999978	-0.006249999999999978
-0.000184	-0.006249999999999978	-0.006249999999999978
-0.00017999999999999998	-0.006249999999999978	-0.006249999999999978
-0.000176	-0.006249999999999978	-0.006249999999999978
-0.00017199999999999998	-0.012500000000000011	-0.006249999999999978
-0.000168	-0.006249999999999978	-0.006249999999999978
-0.000164	-0.012500000000000011	-0.006249999999999978
-0.00015999999999999999	-0.006249999999999978	-0.006249999999999978
-0.000156	-0.006249999999999978	-0.012500000000000011
-0.00015199999999999998	-0.006249999999999978	-0.006249999999999978
-0.000148	-0.006249999999999978	-0.006249999999999978
-0.000144	-0.006249999999999978	-0.006249999999999978
-0.00014	-0.006249999999999978	-0.006249999999999978
-0.000136	-0.012500000000000011	-0.006249999999999978
-0.00013199999999999998	-0.012500000000000011	-0.006249999999999978
-0.000128	-0.012500000000000011	-0.006249999999999978
-0.000124	-0.012500000000000011	-0.012500000000000011
-0.00011999999999999999	-0.006249999999999978	-0.006249999999999978
-0.000116	-0.012500000000000011	-0.012500000000000011
-0.000112	-0.012500000000000011	-0.006249999999999978
-0.000108	-0.012500000000000011	-0.006249999999999978
-0.000104	-0.006249999999999978	-0.006249999999999978
-0.00009999999999999999	-0.006249999999999978	-0.006249999999999978
-0.000096	-0.006249999999999978	-0.006249999999999978
-0.000092	-0.012500000000000011	-0.012500000000000011
-0.000088	-0.006249999999999978	-0.006249999999999978
-0.000084	-0.006249999999999978	-0.006249999999999978
-0.00007999999999999999	-0.006249999999999978	-0.006249999999999978
-0.00007599999999999999	-0.012500000000000011	-0.006249999999999978
-0.000072	-0.006249999999999978	0
-0.000068	-0.012500000000000011	-0.006249999999999978
-0.000064	-0.006249999999999978	0
-0.000059999999999999995	-0.006249999999999978	-0.006249999999999978
-0.000056	-0.006249999999999978	-0.006249999999999978
-0.000052	-0.006249999999999978	-0.006249999999999978
-0.000048	-0.012500000000000011	-0.012500000000000011
-0.000044	-0.01874999999999999	-0.012500000000000011
-0.000039999999999999996	-0.012500000000000011	0
-0.000036	-0.006249999999999978	-0.006249999999999978
-0.000032	-0.012500000000000011	-0.006249999999999978
-0.000028	-0.006249999999999978	-0.006249999999999978
-0.000024	-0.006249999999999978	-0.012500000000000011
-0.000019999999999999998	-0.006249999999999978	-0.006249999999999978
-0.000016	-0.012500000000000011	-0.006249999999999978
-0.000012	-0.012500000000000011	-0.006249999999999978
-0.000008	-0.012500000000000011	-0.006249999999999978
-0.000004	-0.012500000000000011	-0.012500000000000011
0	-0.006249999999999978	-0.006249999999999978
0.000004	1	0.325
0.000008	0.99375	0.325
0.000012	0.99375	0.33125000000000004
0.000016	0.99375	0.34375
0.000019999999999999998	0.99375	0.35000000000000003
0.000024	0.99375	0.36250000000000004
0.000028	0.99375	0.36875
0.000032	0.9875	0.375
0.000036	0.99375	0.38125000000000003
0.000039999999999999996	0.99375	0.3875
0.000044	0.99375	0.39375000000000004
0.000048	0.99375	0.40625
0.000052	0.9875	0.41250000000000003
0.000056	0.9875	0.41875
0.000059999999999999995	0.99375	0.42500000000000004
0.000064	0.99375	0.4375
0.000068	0.99375	0.4375
0.000072	0.99375	0.44375000000000003
0.00007599999999999999	0.99375	0.45
0.00007999999999999999	0.9875	0.45625000000000004
0.000084	0.9875	0.4625
0.000088	0.9875	0.46875
0.000092	0.99375	0.48125
0.000096	0.99375	0.48750000000000004
0.00009999999999999999	0.99375	0.49375
0.000104	0.9875	0.49375
0.000108	0.99375	0.5062500000000001
0.000112	0.9875	0.5062500000000001
0.000116	0.9875	0.5125000000000001
0.00011999999999999999	0.99375	0.51875
0.000124	0.9875	0.525
0.000128	0.99375	0.53125
0.00013199999999999998	0.9875	0.5375000000000001
0.000136	0.99375	0.5375000000000001
0.00014	0.99375	0.5437500000000001
0.000144	0.99375	0.55
0.000148	0.99375	0.5625
0.00015199999999999998	0.99375	0.5625
0.000156	0.99375	0.5750000000000001
0.00015999999999999999	0.99375	0.5750000000000001
0.000164	0.9875	0.5750000000000001
0.000168	0.9875	0.58125
0.00017199999999999998	1	0.5875
0.000176	0.9875	0.5875
0.00017999999999999998	0.9875	0.59375
0.000184	0.99375	0.6000000000000001
0.000188	0.99375	0.6125
0.000192	0.99375	0.6125
0.000196	0.99375	0.61875
0.00019999999999999998	0.9875	0.61875
0.000204	0.99375	0.625
0.000208	0.99375	0.6312500000000001
0.000212	0.9875	0.6312500000000001
0.000216	0.99375	0.64375
0.00021999999999999998	0.9875	0.6375000000000001
0.000224	0.99375	0.65
0.00022799999999999999	0.99375	0.65625
0.000232	0.99375	0.65625
0.000236	0.99375	0.65625
0.00023999999999999998	0.99375	0.6625000000000001
0.000244	0.99375	0.66875
0.000248	0.99375	0.675
0.000252	0.9875	0.675
0.000256	0.99375	0.68125
0.00026	0.99375	0.68125
0.00026399999999999997	0.99375	0.6875
0.000268	1	0.6937500000000001
0.000272	1	0.6937500000000001
0.000276	0.99375	0.7000000000000001
0.00028	0.9875	0.7000000000000001
0.00028399999999999996	0.99375	0.70625
0.000288	0.99375	0.7125
0.000292	0.99375	0.7125
0.000296	0.99375	0.71875
0.0003	0.9875	0.7125
0.00030399999999999996	0.99375	0.71875
0.000308	0.99375	0.7250000000000001
0.000312	0.99375	0.7250000000000001
0.000316	0.99375	0.7375
0.00031999999999999997	0.99375	0.7375
0.00032399999999999996	1	0.7375
0.000328	0.99375	0.7375
0.000332	0.99375	0.74375
0.000336	0.99375	0.74375
0.00033999999999999997	0.9875	0.74375
0.00034399999999999996	0.99375	0.7562500000000001
0.000348	0.9875	0.7562500000000001
0.000352	0.99375	0.7625000000000001
0.000356	0.99375	0.7625000000000001
0.00035999999999999997	0.99375	0.7625000000000001
0.00036399999999999996	0.99375	0.76875
0.000368	0.9875	0.76875
0.000372	0.99375	0.76875
0.000376	0.9875	0.775
0.00037999999999999997	0.99375	0.775
0.000384	0.9875	0.78125
0.000388	0.99375	0.78125
0.000392	0.99375	0.7875000000000001
0.000396	1	0.7875000000000001
0.00039999999999999996	0.99375	0.7875000000000001
0.000404	0.99375	0.7937500000000001
0.000408	0.9875	0.7937500000000001
0.000412	0.9875	0.8
0.000416	0.9875	0.8
0.00041999999999999996	0.99375	0.80625
0.000424	0.99375	0.80625
0.000428	0.99375	0.80625
0.000432	0.9875	0.80625
0.00043599999999999997	0.99375	0.80625
0.00043999999999999996	0.9875	0.8125
0.000444	0.9875	0.8187500000000001
0.000448	0.99375	0.8187500000000001
0.000452	0.99375	0.8187500000000001
0.00045599999999999997	0.99375	0.8187500000000001
0.00045999999999999996	1	0.8250000000000001
0.000464	0.99375	0.8250000000000001
0.000468	0.99375	0.8250000000000001
0.000472	0.99375	0.83125
0.00047599999999999997	0.9875	0.83125
0.00047999999999999996	0.9875	0.83125
0.000484	0.9875	0.83125
0.000488	0.9875	0.83125
0.0004919999999999999	0.9875	0.83125
0.000496	0.99375	0.8375
0.0005	1	0.8500000000000001
0.000504	0.9875	0.8375
0.000508	0.9875	0.84375
0.000512	0.99375	0.8500000000000001
0.000516	0.9875	0.8500000000000001
0.00052	0.99375	0.8500000000000001
0.0005239999999999999	0.9875	0.8500000000000001
0.0005279999999999999	0.99375	0.8562500000000001
0.000532	0.99375	0.8562500000000001
0.000536	0.99375	0.8562500000000001
0.00054	0.99375	0.8562500000000001
0.000544	0.9875	0.8625
0.000548	0.99375	0.8625
0.000552	0.99375	0.86875
0.000556	1	0.86875
0.00056	0.99375	0.86875
0.0005639999999999999	0.9812500000000001	0.8625
0.0005679999999999999	0.9875	0.86875
0.000572	0.99375	0.875
0.000576	0.9875	0.875
0.00058	0.99375	0.875
0.000584	0.9875	0.875
0.000588	0.99375	0.875
0.000592	1	0.8812500000000001
0.000596	0.99375	0.875
0.0006	0.99375	0.8812500000000001
0.0006039999999999999	0.9875	0.8812500000000001
0.0006079999999999999	0.99375	0.8875000000000001
0.000612	0.9875	0.8875000000000001
0.000616	0.9875	0.8875000000000001
0.00062	0.99375	0.8875000000000001
0.000624	0.99375	0.8875000000000001
0.000628	0.99375	0.8875000000000001
0.000632	0.99375	0.89375
0.000636	0.99375	0.89375
0.0006399999999999999	0.9875	0.89375
0.0006439999999999999	0.9875	0.89375
0.0006479999999999999	0.99375	0.89375
0.000652	0.99375	0.89375
0.000656	0.99375	0.89375
0.00066	1	0.9
0.000664	0.9875	0.89375
0.000668	0.99375	0.9
0.000672	0.9875	0.90625
0.000676	0.9875	0.90625
0.0006799999999999999	0.99375	0.90625
0.0006839999999999999	0.99375	0.90625
0.0006879999999999999	0.9875	0.90625
0.000692	0.9875	0.90625
0.000696	0.9875	0.90625
0.0007	0.99375	0.9125000000000001
0.000704	0.9875	0.9125000000000001
0.000708	0.9875	0.9125000000000001
0.000712	0.99375	0.9125000000000001
0.000716	0.99375	0.9125000000000001
0.0007199999999999999	1	0.9187500000000001
0.0007239999999999999	0.99375	0.9187500000000001
0.0007279999999999999	0.99375	0.9187500000000001
0.000732	0.9875	0.9125000000000001
0.000736	0.9875	0.9187500000000001
0.00074	0.99375	0.9187500000000001
0.000744	0.99375	0.9187500000000001
0.000748	0.99375	0.9187500000000001
0.000752	0.99375	0.9187500000000001
0.0007559999999999999	0.99375	0.925
0.0007599999999999999	0.99375	0.9187500000000001
0.0007639999999999999	0.99375	0.925
0.000768	0.9875	0.925
0.000772	0.9875	0.925
0.000776	0.99375	0.93125
0.00078	0.99375	0.93125
0.000784	1	0.93125
0.000788	0.99375	0.925
0.000792	0.99375	0.93125
0.0007959999999999999	0.99375	0.925
0.0007999999999999999	0.99375	0.93125
0.0008039999999999999	0.9875	0.925
0.000808	0.99375	0.9375
0.000812	1	0.9375
0.000816	0.99375	0.93125
0.00082	0.99375	0.93125
0.000824	0.99375	0.9375
0.000828	0.99375	0.9375
0.000832	0.99375	0.9375
0.0008359999999999999	0.99375	0.9375
0.0008399999999999999	0.9875	0.9437500000000001
0.0008439999999999999	0.9875	0.9375
0.000848	0.99375	0.9375
0.000852	0.99375	0.9375
0.000856	0.99375	0.9375
0.00086	0.99375	0.9437500000000001
0.000864	0.9875	0.9375
0.000868	1	0.9437500000000001
0.0008719999999999999	0.99375	0.9437500000000001
0.0008759999999999999	0.99375	0.9437500000000001
0.0008799999999999999	0.99375	0.9437500000000001
0.0008839999999999999	0.99375	0.9437500000000001
0.000888	0.99375	0.9500000000000001
0.000892	0.9875	0.9437500000000001
0.000896	0.99375	0.9437500000000001
0.0009	0.99375	0.9500000000000001
0.000904	0.99375	0.9500000000000001
0.000908	0.99375	0.9500000000000001
0.0009119999999999999	0.99375	0.9500000000000001
0.0009159999999999999	0.99375	0.9500000000000001
0.0009199999999999999	0.99375	0.9500000000000001
0.0009239999999999999	0.9875	0.9437500000000001
0.000928	0.9875	0.9437500000000001
0.000932	0.99375	0.9500000000000001
0.000936	0.99375	0.9500000000000001
0.00094	0.99375	0.95625
0.000944	0.9875	0.9500000000000001
0.000948	1	0.95625
0.0009519999999999999	0.99375	0.95625
0.0009559999999999999	0.99375	0.9500000000000001
0.0009599999999999999	0.99375	0.95625
0.0009639999999999999	0.9875	0.95625
0.000968	0.9875	0.95625
0.000972	0.99375	0.95625
0.000976	1	0.9625
0.00098	0.99375	0.9500000000000001
0.0009839999999999998	0.99375	0.95625
0.000988	0.99375	0.95625
0.000992	0.99375	0.95625
0.000996	0.99375	0.95625
